{"cameraMode":{"drawMode":0,"name":"Shaded","section":"Shading Mode"},"sceneLighting":true,"audioPlay":false,"sceneViewState":{"showFog":true,"showMaterialUpdate":false,"showSkybox":true,"showFlares":true,"showImageEffects":true,"showParticleSystems":true},"in2DMode":false,"pivot":{"x":-0.005813202355057001,"y":-0.06443239748477936,"z":-0.03556971997022629},"rotation":{"x":0.180311918258667,"y":-0.04571864381432533,"z":0.008398933336138726,"w":0.9825246334075928},"size":2.946974992752075,"orthographic":true}